,question,answer,contexts,ground_truth,context_relevancy,context_precision,context_recall,faithfulness,answer_relevancy
0,¿Qué beneficios para la salud tiene la cocina mediterránea?,La cocina mediterránea tiene beneficios para la salud que incluyen la prevención de enfermedades cardiovasculares y la promoción de un envejecimiento saludable.,"['La cocina mediterránea, reconocida mundialmente por su saludable enfoque,\ndestaca por el empleo generoso de aceite de oliva virgen extra, una variedad de\nvegetales frescos y una amplia gama de productos naturales.'
 'beneficios para la salud, desde la prevención de enfermedades cardiovasculares\nhasta la promoción de un envejecimiento saludable.\nHoy, la atención deportiva se centra en la emocionante semifinal de la Copa de'
 'en el espacio y su posible impacto en futuras misiones y la exploración\ninterplanetaria.']",Desde la prevención de enfermedades cardiovasculares hasta la promoción de un envejecimiento saludable.,0.0,0.9999999999,1.0,1.0,0.9955653404594388
1,¿Cuál es el sello distintivo de la cocina mediterránea?,"El sello distintivo de la cocina mediterránea es el empleo generoso de aceite de oliva virgen extra, una variedad de vegetales frescos y una amplia gama de productos naturales.","['La cocina mediterránea, reconocida mundialmente por su saludable enfoque,\ndestaca por el empleo generoso de aceite de oliva virgen extra, una variedad de\nvegetales frescos y una amplia gama de productos naturales.'
 'Europa, donde el prestigioso Real Madrid se enfrenta al poderoso Bayern de Múnich.\nEste encuentro promete una exhibición de talento y estrategia, mientras millones de\nfanáticos en todo el mundo esperan ansiosamente el desenlace.'
 'conversación y la interacción.\n# El Futuro de los Vehículos Eléctricos: Perspectivas y Desafíos\nEl auge de los vehículos eléctricos se vislumbra como un paso significativo hacia un']",Los sabores vibrantes y la simplicidad,0.0,0.9999999999,0.25,1.0,1.0000000000000002
2,¿Quién se enfrenta al Real Madrid?,El Real Madrid se enfrenta al Bayern de Múnich.,"['Europa, donde el prestigioso Real Madrid se enfrenta al poderoso Bayern de Múnich.\nEste encuentro promete una exhibición de talento y estrategia, mientras millones de\nfanáticos en todo el mundo esperan ansiosamente el desenlace.'
 'conversación y la interacción.\n# El Futuro de los Vehículos Eléctricos: Perspectivas y Desafíos\nEl auge de los vehículos eléctricos se vislumbra como un paso significativo hacia un'
 'Los sabores vibrantes y la simplicidad son el sello distintivo de la cocina\nmediterránea, donde los ingredientes de alta calidad se combinan con técnicas de\ncocción sencillas para realzar su sabor natural. Desde las olivas y los tomates hasta']",El Bayern de Munich,0.1,0.9999999999,1.0,1.0,0.9606901422747548
3,¿Qué se espera del partido?,"Se espera que cuantos más miembros participen, mayor sea la diversión y el sentido de comunidad compartida.","['cuantos más miembros participen, mayor será la diversión y el sentido de\ncomunidad compartida. La familia extendida puede enriquecer aún más este\nambiente, proporcionando variedad de perspectivas y contribuciones a la\nconversación y la interacción.'
 'semifinal de la Copa de Europa.\nEn el entorno de la estación espacial, surge un desafío significativo: la proliferación\nde bacterias que están experimentando mutaciones distintas a las observadas en'
 'las hierbas aromáticas y el pescado fresco, cada bocado es una celebración de la\nabundancia y la frescura de los ingredientes locales. La dieta mediterránea no solo\nes una delicia para el paladar, sino que también se ha asociado con una serie de']",Un duelo lleno de intensidad y emoción,0.0,0.0,0.0,1.0,0.8694782342715023
4,¿Cuál es el desafío relacionado con las bacterias en la estación espacial?,"El desafío relacionado con las bacterias en la estación espacial es su proliferación y las mutaciones inesperadas que experimentan, las cuales son distintas a las observadas en la Tierra. Estas mutaciones representan un reto significativo para futuras misiones y la exploración interplanetaria.","['desafíos, y uno de los más intrigantes se manifiesta en la forma de bacterias que se\nadaptan y mutan de maneras inesperadas en el entorno único de una estación\nespacial. Estas mutaciones, diferentes a las que se observan en la Tierra, despiertan'
 'semifinal de la Copa de Europa.\nEn el entorno de la estación espacial, surge un desafío significativo: la proliferación\nde bacterias que están experimentando mutaciones distintas a las observadas en'
 'en el espacio y su posible impacto en futuras misiones y la exploración\ninterplanetaria.']",La proliferación de bacterias que están experimentando mutaciones distintas a las observadas en condiciones terrestres,0.3333333333333333,0.99999999995,1.0,1.0,1.0000000000000007
5,¿Qué plantea el fenómeno de las mutaciones bacterianas?,"El fenómeno de las mutaciones bacterianas plantea cuestionamientos profundos sobre cómo la vida se adapta y evoluciona en condiciones extraterrestres, así como dilemas éticos y prácticos sobre la gestión de la vida.","['desafíos, y uno de los más intrigantes se manifiesta en la forma de bacterias que se\nadaptan y mutan de maneras inesperadas en el entorno único de una estación\nespacial. Estas mutaciones, diferentes a las que se observan en la Tierra, despiertan'
 'cuestionamientos profundos sobre cómo la vida se adapta y evoluciona en\ncondiciones extraterrestres. Este fenómeno plantea no solo preguntas científicas\nfundamentales, sino también dilemas éticos y prácticos sobre la gestión de la vida'
 'conversación y la interacción.\n# El Futuro de los Vehículos Eléctricos: Perspectivas y Desafíos\nEl auge de los vehículos eléctricos se vislumbra como un paso significativo hacia un']","No solo preguntas científicas fundamentales, sino también dilemas éticos y prácticos sobre la gestión de la vida
en el espacio y su posible impacto en futuras misiones y la exploración interplanetaria.",0.0,0.9999999999,1.0,1.0,0.9884242913562745
6,¿Cómo fortalece compartir una comida los lazos familiares?,Compartir una comida fortalece los lazos afectivos de la unidad familiar al proporcionar una oportunidad para que los miembros se reúnan y pasen tiempo juntos.,"['# Importancia de la Unidad Familiar\nLa importancia de la unidad familiar se destaca en la afirmación de que compartir\nuna comida fortalece los lazos afectivos. Cuando la familia se reúne en torno a la'
 'Los sabores vibrantes y la simplicidad son el sello distintivo de la cocina\nmediterránea, donde los ingredientes de alta calidad se combinan con técnicas de\ncocción sencillas para realzar su sabor natural. Desde las olivas y los tomates hasta'
 'La atmósfera eléctrica envuelve el estadio mientras los aficionados se preparan para\npresenciar un enfrentamiento legendario entre dos gigantes del fútbol europeo. Con\njugadores de clase mundial en ambos lados del campo, se espera un duelo lleno de']",Fomentando la conexión emocional y se cultivan momentos de alegría y camaradería,0.0,0.99999999995,1.0,1.0,0.9135530915930397
7,¿Por qué se destaca la participación de más miembros en las reuniones familiares?,"Se destaca la participación de más miembros en las reuniones familiares porque cuantos más miembros participen, mayor será la diversión y el sentido de comunidad compartida. Además, la familia extendida puede enriquecer aún más este ambiente proporcionando variedad de perspectivas y contribuciones a la conversación y la interacción.","['cuantos más miembros participen, mayor será la diversión y el sentido de\ncomunidad compartida. La familia extendida puede enriquecer aún más este\nambiente, proporcionando variedad de perspectivas y contribuciones a la\nconversación y la interacción.'
 '# Importancia de la Unidad Familiar\nLa importancia de la unidad familiar se destaca en la afirmación de que compartir\nuna comida fortalece los lazos afectivos. Cuando la familia se reúne en torno a la'
 'semifinal de la Copa de Europa.\nEn el entorno de la estación espacial, surge un desafío significativo: la proliferación\nde bacterias que están experimentando mutaciones distintas a las observadas en']","Porque cuantos más miembros participen, mayor será la diversión y el sentido de comunidad compartida",0.0,0.99999999995,1.0,1.0,1.0000000000000002
8,¿Qué incertidumbre hay sobre los vehículos eléctricos?,El contexto proporcionado no menciona ninguna incertidumbre específica sobre los vehículos eléctricos.,"['conversación y la interacción.\n# El Futuro de los Vehículos Eléctricos: Perspectivas y Desafíos\nEl auge de los vehículos eléctricos se vislumbra como un paso significativo hacia un'
 'transporte.\n## La Promesa de la Sostenibilidad\nLos vehículos eléctricos representan una alternativa prometedora a los\ncombustibles fósiles, ofreciendo la posibilidad de reducir las emisiones de gases de'
 'desafíos, y uno de los más intrigantes se manifiesta en la forma de bacterias que se\nadaptan y mutan de maneras inesperadas en el entorno único de una estación\nespacial. Estas mutaciones, diferentes a las que se observan en la Tierra, despiertan']","Si estos vehículos se convertirán en la principal opción de
transporte",0.0,0.0,0.0,1.0,0.8647176900633017
9,¿Por qué los vehículos eléctricos son una alternativa a los de combustión fósil?,Los vehículos eléctricos son una alternativa a los de combustión fósil porque ofrecen la posibilidad de reducir las emisiones de gases.,"['transporte.\n## La Promesa de la Sostenibilidad\nLos vehículos eléctricos representan una alternativa prometedora a los\ncombustibles fósiles, ofreciendo la posibilidad de reducir las emisiones de gases de'
 'conversación y la interacción.\n# El Futuro de los Vehículos Eléctricos: Perspectivas y Desafíos\nEl auge de los vehículos eléctricos se vislumbra como un paso significativo hacia un'
 'La cocina mediterránea, reconocida mundialmente por su saludable enfoque,\ndestaca por el empleo generoso de aceite de oliva virgen extra, una variedad de\nvegetales frescos y una amplia gama de productos naturales.']",Porque ofrecen la posibilidad de reducir las emisiones de gases de efecto invernadero y mitigar los impactos del cambio climático,0.0,0.99999999995,1.0,1.0,1.000000000000001
